Title,Authors
치즈인더트랩,순끼
숲속의 담,다홍
고래별,나윤희
귀곡의 문,삼촌
마루는 강쥐,모죠
여중생A,허5파6
오늘의 순정망화,손하기
연의 편지,조현아
수능일기,자까
롤랑롤랑,자유
슈퍼 시크릿,이온
가담항설,랑또
토마토가 돼라!,뮤리
골든 체인지,브림스
스피릿 핑거스,한경찰
윈터우즈,"cosmos,반지"
신비,반지
가비지타임,2사장
에밀리의 저택,손하기
산타 스카우트,조현아
이번 생도 잘 부탁해,이혜
계룡선녀전,돌배
진돌히디만화,"진돌,히디"
검은인간,이저녁
노곤하개,홍끼
시월드가 내게 집착한다휴재,"승우,한윤설"
푸들과 Dog거중,최삡뺩
오!주예수여,아현
세기말 풋사과 보습학원휴재,순끼
순정빌런,세윤
삼이는 재생한다휴재,강은영
금세 사랑에 빠지는,박수봉
오늘부터 0촌!,"진돌,히디"
늑대와 빨간모자,슈안
용비불패 완전판,"류기운,문정후"
3X3!,만능유자차
최고의 뿔소라,김인정
나노리스트,민송아
롭플롭,CTK
묘약마녀,자유
악마와 계약연애,"장진,움비"
썩은 핑크의 법칙,힙합신선
제목을 찾을 수 없음,작가 정보를 찾을 수 없음
이상하고 아름다운,허니비
환생동물학교,엘렌 심
달수 이야기,산삼
집이 없어,와난
유일무이 로맨스,두부
탑아이돌의 막내 멤버가 되었다휴재,"맛곰,강서울"
"다비, 아찔하게 흐르는휴재","소프트콘,이은비"
저 그런 인재 아닙니다휴재,"에몽,머나,덴피"
귀전구담,QTT
겟백,세윤
야채호빵의 봄방학,박수봉
제목을 찾을 수 없음,작가 정보를 찾을 수 없음
마침표의 유예기간휴재,고아라
귀신새가 지저귀면휴재,홍타래
합격시켜주세용,이온
내곁엔 없을까,쑤녕
오늘도 사랑스럽개,이혜
정순애 식당,아르몽
청춘 블라썸,"홍덕,NEMONE"
미래의 골동품 가게휴재,구아진
호랑신랑뎐,고추참치
파도의 포말,라떼
여고생 드래곤,땅콩
호랑이 들어와요,"배세혁,유은"
제목을 찾을 수 없음,작가 정보를 찾을 수 없음
전자오락수호대,가스파드
남주의 첫날밤을 가져버렸다,"티바,MSG,황도톨"
샌프란시스코 화랑관,돌배
여름여자 하보이,석영
나는 귀머거리다,라일라
먹이,"외눈박이,박수봉"
고인의 명복,"조주희,유노"
지금 이 순간 마법처럼,나윤희
견우와 선녀,안수민
너의 미소가 함정휴재,앵고
호러와 로맨스,루시드
야생천사 보호구역,루시드
서북의 저승사자,양세준
"그 개, 만두",호정
마침내 사랑이에요 마왕님!,밀크마스터
오즈랜드,이윤창
플랫다이어리,임현
숲 속의 미마,후은
후궁 스캔들,"기트로우,정현"
달콤한 인생_스페셜 에피소드,이동건
홍차리브레,꼬모소이
엑스트라 이야기(feat.금연),GIMS
목욕의 신,하일권
냐한남자,올소
레코닝,이혜
구름의 이동속도,김이랑
대신 심부름을 해다오,고아라
녹두전,혜진양
병의 맛,하일권
동트는 로맨스,유월
팬인데 왜요,요나
휴재일기휴재,자까
비질란테,"CRG,김규삼"
웰캄투실버라이프,솔녀
찬란하지 않아도 괜찮아,까마중
여중생A-우리들의 축제,허5파6
미니어처 생활백서휴재,엘렌 심
당신의 향수,호우
허니버니,소금
고교생을 환불해 주세요,Croissant
그렇고 그런 바람에,아니영
프린스의 왕자,"재아,SE"
신과함께,주호민
"헤어진 다음날, 달리기",돌배
아이덴티티,"시니,수훈"
쌉니다 천리마마트,김규삼
그 판타지 세계에서 사는 법휴재,촌장
썸머 브리즈,한경찰
MZ-레이징 인페르노,"최훈,청설모"
후아유!,"이범,이도윤"
인어를 위한 수영교실,용찬
푸쉬오프,허5파6
환상적인 소년,후은
괜찮니? 얘들아,모랑지
니나의 마법서랍,랑또
키미앤조이,치자
오라존미,허5파6
1인용 기분,윤파랑
모퉁이 뜨개방,소영
파도의 주인,이뫄
그 해 우리는 - 초여름이 좋아!,한경찰
저승에서 만난 사람들,"단우,백희"
대학원 탈출일지,요다
안녕 나의 모모로,켄타
같은도장,이힝
살아남은 로맨스,이연
범상찮은 밤휴재,어사화
MZ-퓨어 이블,"최훈,청설모"
엔딩 후 서브남을 주웠다,"정서,황도톨"
개장수,김규삼
마음의 숙제,고아라
위아더좀비,이명재
그마남 이야기,김밀콩
귀각시,세정
이발소 밑 게임가게,하일권
죽음에 관하여,"시니,혀노"
현혹,홍작가
에티오피아에서 그렸낢,서나래
달콤살벌한 부부,"장그린,플라비"
마녀 어머니와 좀비 아들,시뉴라
공대생 너무만화,최삡뺩
모죠의 일지,모죠
방 안의 코끼리,고요
걸어서 30분,이온도
텃밭부 사건일지,오이츄
대학일기,자까
Yes my boss(예스마이보스),김밀콩
앵무살수,김성진
가짜 동맹,케냠
방과후 레시피,혜루
스윗솔티,달삐
당신에게 끌리는 올바른 이유,혜니
용왕님의 셰프가 되었습니다,"옥,카라쿨,문백경"
제목을 찾을 수 없음,작가 정보를 찾을 수 없음
원작은 완결난 지 한참 됐습니다만,"도래,원더드림"
오늘도 형제는 평화롭다,GIMS
이츠마인,럭스
온리호프휴재,초승
달이 없는 나라,엥비
도롱이,사이사
트럼프,이채은
퍼스트 미션,신의철
선을 넘은 연애,서녜
밥 먹고 갈래요?,오묘
광장,"오세형,김균태"
"찬란하지 않아도 괜찮아, 새벽",까마중
마법사랑해휴재,"명랑,청설모"
성검전설휴재,최다킬
알고있지만,정서
파도를 찾아라!,김정현
올가미,해무리
부로콜리왕자,산삼
오늘도 핸드메이드!,소영
질풍기획 시즌2,이현민
다시쓰는 연애사,"최경민,영모"
썸남휴재,배철완
홍끼의 메소포타미아 신화,홍끼
이런 영웅은 싫어,삼촌
셧업앤댄스,이은재
뮤즈 온 유명,수진
간 떨어지는 동거,나
칼가는 소녀,오리
소곤소곤,옛사람
"아, 쫌 참으세요 영주님!","새우초밥,daybook"
유리와 유리와 유리,요엔
사내연애 사절!휴재,"두부,남수"
반대로 끌리는 사이,한구
언럭키 맨션,약국
고고고,"정은경,하일권"
키스는 자기 전에휴재,이채은
주부 육성중,임현
펀치드렁커드,고태호
에브리띵 이즈 파인휴재,마이크 버첼
그놈은 흑염룡,혜진양
관찰일기,파랑
뱀이 앉은 자리,김이연
푸른사막 아아루,달꽃
하이브 3,김규삼
신석기녀,"재아,한가람"
같은 학교 친구휴재,유유
괴물 의상실휴재,스페트
홍 의관의 은밀한 비밀,"유계진,서이나"
버려진 나의 최애를 위하여휴재,"류호,기묭,김선유"
우바우,잇선
살인자o난감,꼬마비
좀비딸,이윤창
호걸옹주,탐토
스위트홈,"김칸비,황영찬"
와이키키 뱀파이어,요니요니
친애하는 X,반지운
독립일기,자까
환상연가,반지운
중증외상센터 : 골든 아워,"홍비치라,한산이가"
우리집에 곰이 이사왔다,켄타
성스러운 그대 이르시길,"26,유다,앵뚜,로주,미나토"
옆반의 인어,요엔
굿 리스너,쥬드 프라이데이
진눈깨비 소년,쥬드 프라이데이
마른 가지에 바람처럼휴재,"화음,달새울"
필리아로제 - 가시왕관의 예언,"백화등,Ryuta,김영지"
참치와 돌고래,이힝
또 다른 사랑,"이순기,또각,스파클라"
"꿈꾸는 소녀, 소년",한경찰
보나파르트,몹시찰진우럭
"오, 친애하는 숙적","오쏘,무정,미나토"
악당 가족이 독립을 반대한다휴재,"밋츄,하티,이흰"
밤마다 남편이 바뀐다,"구슬,여슬기,한윤설"
제목을 찾을 수 없음,작가 정보를 찾을 수 없음
오른눈이 보는 세계,코어
고양이 타타,로로
이번 생도 잘 부탁해 - 기억의 한 조각,이혜
Doll 체인지,늉비
언터처블,맛스타
캐슬,정연
쓰레기는 쓰레기통에!,EDDiERiNG
함부로 친절하지 말라휴재,"아린,류화,유세라"
데드데이즈(DEAD DAYS),DEY
원 뿔러스 원,청보리
세기말 데빌,섀이
미스터 모,POGO
닥터 프로스트 시즌 3~4,이종범
문래빗,이난
스튜디오 짭쪼롬,오묘
화이트 블러드,임리나
로베스의 완전감각,정샛별
오늘의 비너스,"엄세윤,도달"
Ho!,억수씨
각자의 디데이,오묘
피라미드 게임,달꼬냑
북부 공작님을 유혹하겠습니다,"가천가,은하수,주시하"
냄새를 보는 소녀,만취
라일락 200%,아니영
무원야담휴재,호우
애늙은이,환댕
달로 만든 아이휴재,온윤
셈하는 사이,면지
신령,이혜
로잘린 보가트,"삼월에,마하,하노HANO"
제목을 찾을 수 없음,작가 정보를 찾을 수 없음
상남자휴재,"하늘소,도가도,김태궁"
주인님을 잡아먹는 방법,"세인,차혜영"
결혼공략,율무
오민혁 단편선,오민혁
퍼스트 스위트,"조주희,도도"
"플레이, 플리",이에프
만찢남녀,님니
귀도호가록,이수민
국립자유경제고등학교 세실고 2학기,"양혜석,이현지"
수인 보호소에서 남주를 입양해 버렸다휴재,"유지별이,설단희"
꼬맹이를 부탁해!,마라링
시타를 위하여,하가
아홉수 우리들휴재,수박양
상사불상사휴재,"영하,공사"
제목을 찾을 수 없음,작가 정보를 찾을 수 없음
NG불가,고선영
도전! 집콕취미,"이동건,홍끼,모죠"
아는 여자애,허니비
범이올시다!,해
결혼생활 그림일기,은꼼지
정년이,"서이레,나몬"
청춘계시록휴재,한서
해시의 신루휴재,"명랑,INUS,윤이수"
일파만파휴재,"최아서,꿍베"
희생부활자,김규삼
고수,"류기운,문정후"
올해의 벚꽃도 함께,박수봉
신시의 손님,이뫄
사이드킥 2~3,신의철
손 안의 안단테,나윤희
겨울 정원의 하와르,"단청,래럿,미나토"
첫날밤을 보낸 그 악녀를 찾습니다휴재,"은라겸,풀모"
로또 황녀님휴재,"무무경,도힌,보리멸"
엄마와 딸 x2,필냉이
지니의 세포들,이동건
너에게만 보이는,소소만
사랑과 평강의 온달!,"한기주,일"
전여친,이동건
레사 시즌2~3,POGO
"사랑, 그거 어떻게 하는 건데휴재",이범
빙의,"후렛샤,김홍태"
그날 죽은 나는,이언
찐한 고백휴재,"JIP,의령,로즈빈"
집착광공 집사전락,마자
아일랜드 2부,"윤인완,양경일"
절벽귀,오성대
흑막 여주가 날 새엄마로 만들려고 해,"이산시,하리힌,목감기"
내게 필요한 NO맨스,마그네슘
왕세자 입학도휴재,무번
길고양이 행진,몹시찰진우럭
악녀는 조용히 살고 싶을 뿐인데!휴재,"호나란,그레이캣,이하린"
내 여자친구는 상남자,맛스타
낢 부럽지 않은 신혼여행기,서나래
엘프,홍작가
완벽한 허니문,"화류동풍,옛사람"
조조코믹스휴재,이동건
노인의 꿈,백원달
천년구미호,기량
철벽! 연애 시뮬레이션,혜니
내 연애 너 있다,키크니
미스터리 호러 지하철,단우
외향남녀,나
당신의 그림자를 그만두었을 때,"봉이,유성,Rana"
뽀샵일기,자까
소공녀 민트,"봉이,갈피,오윤"
천사가 아니야,"박유나,표류"
옆집남자 친구,꿀삼
우리는 후라이족휴재,켄타
제목을 찾을 수 없음,작가 정보를 찾을 수 없음
선생님이 간다!,김양수
제목을 찾을 수 없음,작가 정보를 찾을 수 없음
패밀리 사이즈,"남지은,김인호"
당신의 과녁,고태호
불편한 편의점,"ANGELA,p.P,김호연"
로맨스가 가능해?,"임주이,송정원"
아일랜드 1부,"윤인완,양경일"
"곱게 키웠더니, 짐승","티바,여슬기,이른꽃"
미래소녀,황준호
멜빈이 그들에게 남긴 것,"삼칠13,팀 해피게리,류희온"
내가 죽기로 결심한 것은,YUJU
미라클! 용사님,정하
꿈의 기업,문지현
피아노,"재아,김재한"
안 돼요 마왕님!,마로
나처럼 던져봐,장이
나의 작은 서점,한민기
매지컬 고삼즈,"seri,비완"
반귀,세정
먹는 인생,홍끼
오늘의 노담망(望)화,손하기
닥터앤닥터 육아일기,닥터베르
웅크,나유진
금붕어,"명랑,애풍"
제목을 찾을 수 없음,작가 정보를 찾을 수 없음
하렘에서 살아남기,전분
꽃만 키우는데 너무 강함,"주현후,쿰타타"
드로잉 레시피,꼬모소이
새벽 두 시의 신데렐라,"산차,아이고메"
루루라라 우리네 인생,현이씨
쿠키히어로,순끼
꿀벌과 아카시아,다봄
운빨로맨스,김달님
악마라고 불러다오,"자양,써나,안테"
몸이 바뀌는 사정,"푸릭,달꽃,윤달(YounDal)"
복학생 정순이,한짜장
연민의 굴레 + 쉬는 시간,재활용
달려라!메리,마인드C
애옹식당,정다정
비서 일탈,"솔방울,꿀봉이,반지영"
네이처맨,이윤창
늘 푸른 찻집,"고병준,제뉴"
합법해적 파르페휴재,뼈피살
문유,조석
하우스키퍼,"채용택,유현"
잔불의 기사휴재,환댕
악녀 18세 공략기,홍혜
모죠의 데뷔 일Z,모죠
행성인간,조석
우리가족 응급주치의,"신태훈,나승훈"
제목을 찾을 수 없음,작가 정보를 찾을 수 없음
플로우,허니비
두근거려요,뚱땡이냐옹이
희란국연가,"MIDNIGHT STUDIO,김수지"
유미의 세포들 외전 : 프로 직장인,이동건
안전한 하루 되세요!,쌔우
맘마미안,"미티,구구"
이제야 연애,"딘돈,서혜은"
"주님, 악마가 되게 해주세요!","불사,용가리"
열불 로맨스,홍치
잭슨의 관,CTK
바스티안휴재,"아빈,솔체"
당신만 몰라!,유리아
미친 후작을 길들이고 말았다,"골지,이레,로판맛집"
시벨롬 리스트,LICO
어서와,고아라
영수의 봄,이윤희
고고루키루,한경찰
"아이소포스 1, 2부","김양수,도가도"
2024,"JQ,서재일"
영감,없는사람
"이기자, 그린",김8
재앙은 미묘하게,안성호
짝사랑의 마침표,숭어
경기딸,이윤창
순정말고 순종,슈안
갓도령스,도로롱
오늘도 기록생활,"홍끼,모죠"
소심한 팔레트,한민기
"북부 대공 부인, 추워서 못 하겠습니다","레몬수박,이건,연초"
여주실격!,기맹기
마법사가 죽음을 맞이하는 방법휴재,"박젶,주은설"
식스틴,김인태
홍천기,"LICO,정은궐"
킬링 허니,세오네
루커피쳐,효정
제목을 찾을 수 없음,작가 정보를 찾을 수 없음
피부과 만렙남,LICO
피폐물 남주에게 꽃길을,"지구본사탕,피디님라부"
여우놀이휴재,황혜진
황제사냥,KAN
물고기가 보이는 남자,차세기
소녀180,"나우원,델라"
육아일기휴재,자까
오후가 멈추도록휴재,이이영
[영화원작] 모럴센스,겨울
모두 너였다,"이순기,오정호,이재익"
금혼령-조선혼인금지령,"산책,천지혜"
"오늘, 걸을까?",소영
남산선녀전,돌배
이것도 친구라고,제야
불편한 관계,다봄
노네임드(NoNameD),문지현
지옥연애환담,"당첨,녹혜,황도톨"
디펜스 게임의 폭군이 되었다휴재,"하정,굥,류은가람"
송곳 1~3부,최규석
백설을 위하여,"김햐,찬겨울"
내일을 부탁해,"이혜,자까"
로맨스 당도 백퍼센트,이동건
알게뭐야,김재한
생존고백,박태현
MY OH,박카린
독신마법사 기숙아파트,"Studio 우리들,재윤,기르답"
잡지마 위기종,"신태훈,나승훈"
어서오세요.305호에,와난
빛빛빛,수진
Penguin loves Mev,펭귄
민간인 통제구역,OSIK
미호이야기,혜진양
천 살 연하 황제가 집착한다휴재,"이윤희,카라"
루크 비셸 따라잡기,"앙꼬빵,학뚜벅,에슈티"
미혼남녀의 효율적 만남,타리
제목을 찾을 수 없음,작가 정보를 찾을 수 없음
선천적 얼간이들,가스파드
망치하르방,상상어
물어보는 사이,성은
망겜의 현금술사휴재,무릇
풋내기들,신여름
얼룩말,자유
피와 나비,레민
최후의 금빛아이,"알깨,새몽"
차린 건 없지만,심모람
"대만에서, 너와 하루",수박양
소울카르텔,"하람,지야"
짝사랑 마들렌,미이
마이너스의 손,김뎐
강아지는 멍멍하고 짖지 않아!,얄라리
인과관계,강환영
빨간맛 로맨스,"사지현,서루"
제목을 찾을 수 없음,작가 정보를 찾을 수 없음
좀간,"옹구,다이"
천리마 네버다이,김규삼
신을 죽이는 방법,"나락,바밤"
오늘 밤은 어둠이 무서워요,김진
한줌물망초,혜진양
입술이 예쁜 남자,"고도,플라비"
내 ID는 강남미인! - 둘만의 시간,기맹기
어느 백작 영애의 이중생활,"Jeu,킴뽀,최아리"
재영과 재영 사이,심싹
럭키언럭키,가천가
숲속에서 공작이 주운 것은,"이재원,젭,MON쉘"
오버더문,"포르토,이승준"
FM보이,이일공
아르마,병장
정신병동에도 아침이 와요,이라하
청년창업 기프트카툰,"조석,자까"
버닝이펙트,박태현
밤을 깨우는 마법,외딴
섀도우,"유느지,해진"
자기 취향 존중,"모히또모히칸,설주"
질풍기획 시즌1,이현민
방울토마토,조양
손 잡은 사이,반하리
아이들은 즐겁다,허5파6
테러맨,"한동우,고진호"
별의 유언,후은
난약,"정현주,박진환"
마녀와 용의 신혼일기,"뉴릉이,디망,바리달"
누군가의 로섬,방농구
밤하늘에 구름운,"견지,그리온"
스크립토리움,Song
극야,"운,한큰빛"
달콤한 인생,이동건
견우와 직녀,유리아
야자괴담,이도광
언더클래스 히어로,김우준
우리는 여기!,달꼬냑
바람이 머무는 난,신월
밀행,"H.C,봉선,아슬로"
성스러운 아이돌,"스튜디오M,악사,신화진"
레사 시즌1,POGO
반드시 해피엔딩,"불사,재림,플아다"
레이드,"신의철,김정현"
로어 올림푸스,레이첼스마이스
"소녀의 디딤돌 : 희망, 함께 날다",모랑지
나의 인생샷을 찾아서,이동건
후기,조석
흔한햄,잇선
저세상 클라스!,꾀돌이
한 살이라도 어릴 때,"김진,서나래,필냉이"
둥굴레차!휴재,기라3
마성의 공작님은 잠 못 이루고,"소화기,고요곰,레몬개구리"
남사친의 법칙,이도윤
새와 같이,후은
아사휴재,우새새
킬러분식,한(恨)
키스우드,안성호
백호랑,박혬
한강예찬,김8
좀비 파이트,이저녁
스윗 싱가포르,"김진,한경찰"
혁명 뒤 공주는,으앵
참새는 새!신부,"99C,백도"
너를 돌려차는 방법,한성만
하루만 네가 되고 싶어휴재,삼
마야고,"후렛샤,김홍태"
메소드 연기법,김이연
펫다이어리,"요한,제나"
아이들의 권 선생님,호우
하이브 1~2,김규삼
신군,규남
열아홉스물하나,"요한,제나"
방과후 선녀,후
아랫집 시누이,김진
임술년 화요일,엥비
위대한 방옥숙,"매미,희세"
사랑의 새싹약국,"정해솔,이유진"
샤인 스타,김현
신입일기,자까
널 사랑하는 죽은 형,상금
대위님! 이번 전쟁터는 이곳인가요?,"보살,비터버,리묘"
"울어주세요, 황태자님",Duck담
경비 배두만휴재,이영곤
연애의 정령,김호드
온실 속 화초,옛사람
빙탕후루,"장희,주호민"
썸내일,봉수
제목을 찾을 수 없음,작가 정보를 찾을 수 없음
여탕보고서,마일로
데모니악,"후렛샤,김홍태"
땅 보고 걷는 아이,다온
피말리는 과대생활,님니
사랑의 외계인,김이랑
소녀 연대기,지님
천신의 요람,"임솔이,항낭"
헬퍼,삭
제페토,연제원
은주의 방,노란구미
나타나주세요!,김기현
별빛 커튼콜,아르몽
문아,팬마
사랑의 헌옷수거함,고잉
카오스어택,맛스타
더 베이비시터휴재,김도연
안나라수마나라,하일권
네버엔딩달링,울리
내가 사랑한 물고기,"우주봄봄,부발"
인챈트-나람이야기,자유
딥(DEEP),"토우,김태헌"
꼬리잡기,바쉬
화가 살리에르,백원달
행성인간2: 행성의,조석
가령의 정체불명 이야기,가령
배달의 신,"명랑,신얼"
제목을 찾을 수 없음,작가 정보를 찾을 수 없음
늙은 아버지의 나날,홍연식
오일머니,"정하용,펜촉"
아이소포스 3부,"김양수,도가도"
언더프린,브림스
반투명인간,"마인드C,김명현"
일진에게 회초리,유승연
뱀파이어,오세형
이별 후 사내 결혼,"미믹,이달리."
로맨틱 태평수산,이일공
노력의 결과,악파
워킹히어로,"이상신,국중록"
내 남편과 결혼해줘,"LICO,성소작"
태시트,김다찌
생활의참견,김양수
국립자유경제 고등학교 세실고,"양혜석,타파리"
흔들리는 세계로부터,양담
닥터 프로스트 시즌 1~2,이종범
제목을 찾을 수 없음,작가 정보를 찾을 수 없음
커플브레이커,"기맹기,태건"
오성X한음,유승진
오!너의 리스크,바리
꽃 피는 날,두루
엑스트라 데이즈,아니영
모스크바의 여명,"이샨오,황장미"
네로의 실험실,"외눈박이,시현"
특근,허일
화이트멜로우,임진국
시체기사 군터,마요너구리
평행도시,고다
하나의 하루,석우
용두사망 소설 속의 악녀가 되었다,"하견,너구리,윤림"
영광의 교실,아니영
아무것도 하고 싶지 않아,주영현
에리타,d몬
퇴근 후에 만나요휴재,"멍뭉,햄친,로즈빈"
신암행어사,"윤인완,양경일"
펫다이어리2.런,"요한,제나"
크리스마스는 쨈과 함께,루시드
취향 소개소,이다몽
사랑의 아쿠아리움,"TGM,린다"
이야기 들어주는 남자,서진
커피도둑,유지별이
제목을 찾을 수 없음,작가 정보를 찾을 수 없음
코끼리를 끌어안는 방법,백희
블랙시저스휴재,유령
암호는 002!,파도
반짝반짝 작은 눈휴재,억수씨
그 해 여름,김현
애구애구,가령
머니게임,배진수
피리부는 남자,"라디야,차용운"
위닝샷!휴재,"강견,시바견"
무주의 맹시,마누비
무의식의 숲,루시드
프린스의 왕자 - 카페 드 쇼콜라 -,"재아,SE"
가타부타타,숭어
차원이 다른 만화,요엔
날 닮은 아이휴재,"플아다,팻녹"
스치면 인연 스며들면 사랑,을승
불지옥 로맨스,정성완
와장창창! 자취맨,타로맨
소나기야,와루
나의 목소리를 들어라,이현민
죄송한데 주인공이세요?,조석
은탄휴재,김규삼
공주는 잠 못 이루고,하가
투신전생기휴재,청담
레지나레나 - 용서받지 못한 그대에게휴재,"곽나나,설동원,김영지"
나는 너를 보았다,"모래인간,티오비"
두근두근두근거려,하일권
도깨비 부른다휴재,웨방상
제목을 찾을 수 없음,작가 정보를 찾을 수 없음
내겐 너무 소란한 결혼,"이지이,포스스튜디오,노승아"
상처공감 다이어리 시즌2,"네온비,캐러멜"
죽은 마법사의 도시,"팀 겟네임,김칸비"
아는사람 이야기,오묘
헤어지면 죽음,"봄소희,KYMA"
팀 피닉스,"엄재경,지야프"
비서 말고 여자,"박다연,별규"
마지막 지수,"에리카,채나라"
헬프탑,황인빈
모어 라이프,이아영
귀신이지만 사랑하고 싶어,"엔엔,오제이"
제목을 찾을 수 없음,작가 정보를 찾을 수 없음
요리GO,HO9
어쩌다 보니 제물이 되었습니다!,떡렁
AI가 세상을 지배한다면,"POGO,HOOPA"
놓지마 정신줄 시즌2,"신태훈,나승훈"
데드퀸,김규삼
모자뜨기클럽,김진
죄의 파편,이승찬
안개무덤,김태영
마녀의 심판은 꽃이 된다,"은백,서현"
자취방 신선들,마로
버닝헬,"윤인완,양경일"
오늘도 마음을 다 해,이혜
제목을 찾을 수 없음,작가 정보를 찾을 수 없음
달과 인어,원산지
마녀사냥,박소
네가 없는 세상,"시니,혀노"
금요일 베스트,배진수
키드갱,신영우
방탈출,십박
교환일기,한끼룩
이 편의점 실화냐?,"영파카,아현"
캉타우휴재,"신형욱,양경일"
좋아하는 부분,타리
남편을 만렙으로 키우려 합니다,"유기농,컬린,누오바"
그들이 사귀는 세상,율로
연애일기,Hanna
왕년엔 용사님,"고샤,솔렘"
악취해결사,샘샘
아직도 못 맞춰 보았나! 블쓰헤드샷!,이현민
반려짐승,래형
즐거우리 우리네 인생,현이씨
사장님을 잠금해제,박성현
"스마일 브러시, 오래된 사진.",와루
하르모니아,"YOON,JINU"
3단합체김창남,하일권
부부생활,써니사이드업
개를 낳았다,이선
우렁집사,최경아
붉은 실,동비
메리의 불타는 행복회로,김지수
제목을 찾을 수 없음,작가 정보를 찾을 수 없음
너와 너 사이,오지혜
짝사랑은 동고동락,악파
그녀는 흡!혈귀,정성완
신도림,오세형
운수 좋은 짤,HD3
이게 아닌데,"봄소희,김세이"
별을 부탁해,이동건
네가 죽기를 바랄 때가 있었다,"기매,아란,진서"
아이돌만 하고 싶었는데휴재,"고구렁,와플"
매지컬 급식:암살법사,웡웡이
우리들의 사정,득7이
뉴심:교체인생,지인
보물과 괴물의 도시,이을
바로잡는 순애보,이채영
종말권유,김강8
오직 나의 주인님,상수
굿바이 유교보이,아실
첫날밤만 세 번째,"나라나라,갓녀"
묘령의 황자,아흐레달
가우스 임파서블,곽백수
삼봉이발소,하일권
태백 : 튜토리얼 맨,"이난,백세"
투엔티스,김명현
칼끝에 입술,"핀쿠,뫄과,윤슬"
호수의 인어,박새
남기한엘리트만들기,미티
일상날개짓,나유진
흑화한 노예남을 길들였다,"LICO,보랏빛마을"
사랑하는 여배우들,"고나리자,수정"
구구까까,혜니
헬로 미스터 테디,아지
키드갱 시즌2,신영우
아침을 지나 밤으로,손지은
중매쟁이 아가 황녀님,"박카린,지미신"
제목을 찾을 수 없음,작가 정보를 찾을 수 없음
박제하는 시간,이언
차차차,한나
수업시간그녀,박수봉
더 트웰브,공현곤
낫오버휴재,돌석
아버지의 복수는 끝이 없어라,강태진
스마일브러시,와루
제목을 찾을 수 없음,작가 정보를 찾을 수 없음
곽백수의 신 트라우馬,곽백수
아스란영웅전,박성용
내게 종말은 게임이다휴재,"HOOPA,최우진"
지새는 달,"LELE,별솔"
북적북적 패밀리,"남지은,김인호"
나 없는 단톡방,봉수
나의 최애를 지켜줘,ARI
제목을 찾을 수 없음,작가 정보를 찾을 수 없음
송곳 4~5부,최규석
인섹터,마카빔
두근두근 네가 좋아서,"박래모,서혜은"
기타맨,손규호
메달 브레이커,조용석
식인귀,선택길
그린링 에코콩,김진
철수와 영희 이야기,울
"이러면 안 돼요, 전하!","개굴,우라노스,최아리"
그녀의 버킷리스트,"황양,솦"
완벽하지 않은 키스,강기언
먹지마세요,"노도,비버"
초인의 시대휴재,섭이
6월의 라벤더,"밤희,게살"
화장 지워주는 남자,이연
예명여고,육공
블랙홀과 3만원,"김규삼,혜원"
이중첩자,"하연,옆집찰스,피숙혜"
두 번째 딸로 태어났습니다휴재,"용원창,뉴궁딩팡팡"
자판귀,윤정민
완벽한 파트너,"산차,오하라"
그들에게 사면초가,소이
동네변호사 조들호 시즌1,해츨링
날 가져요,"원펀치래빗,로즈빈"
두 번 사는 음악천재,"정기림,슬아,이한이"
아직도 안 깔아 보았나!? 넵스토어!,이현민
동생친구,님니
탈(TAL),강임
아스라이,예환
엽총소년,"김칸비,홍필"
10년째 차이는 소꿉친구,님니
날 죽일 마법사는 누구,백후추
복수를 위한 결혼동맹휴재,"EMMA,윤희사"
버퍼링,최홍준
관종교장,좌승훈
동토의 여명,김정휘
살아남은 약속,이연
햄버거가 제일 좋아,"용현,민국"
밀가루침공,조석
라스트 서브미션,이행복
하지만 너는 2D잖아,마주
귀비나리,"신희빈,곰시"
미숙한 친구는 G구인,최삡뺩
열대어,실버벨
조의 영역,조석
빛나는 나나나나휴재,마라링
MZ,"최훈,청설모"
당신의 소유주,"송민선,트루"
갸오오와 사랑꾼들,갸오오
왕으로 살다,네스티캣
안식의 밤,연제원
제목을 찾을 수 없음,작가 정보를 찾을 수 없음
우월한 하루,"팀 겟네임,아루아니,김칸비"
세라미안,"미티,구구"
황제와의 하룻밤,"예영,INUS,차승현(車昇炫)"
비흔,"정재한,황영찬"
제목을 찾을 수 없음,작가 정보를 찾을 수 없음
속편한 신입사원,곽백수
너나 나나,김연우
나의 플랏메이트,산삼
인간적인 너무나 인간적인,없는사람
잉잉잉,"황준호,수연"
진짜 정말 맹세코 좋아해,"개차반,잠괴물"
아인슈페너,한끼룩
안전의 참견,김양수
퇴마록,"운,이협,이우혁"
모던패밀리,"외눈박이,시현"
감자마을,박지독
낢마다 상쾌한 일기,"서나래,자까"
당신의 사랑휴재,오아
발칙한 춘향,"이Zen,Jean,금은정"
자멸기관휴재,"김보통,나몬"
도망 여주의 옆집에 살고 있습니다,"벨루하,김산군"
남자주인공의 여자사람친구입니다,"카콘,류희온"
크리퍼스큘,"밀치,얌치"
예쁜 사나이,영원
"OH, MY GOD!","강지영,현예지"
별종,이무기
러브판타지페이퍼,단우
삶이 우리를 속일지라도,김지수
낢이 사는 이야기,서나래
미스터 나이팅게일,"재아,김재한"
점핑오버,"조니조,서사야"
집사가 되어줘,bdo
꽃 피우는 남자,양하
플라워(FLOWAR),홍작가
시에라,"Studio 우리들,Rana"
금수저,HD3
제목을 찾을 수 없음,작가 정보를 찾을 수 없음
늑대처럼 홀로,"이상훈,이현세"
학생만 하면 안 될까요?휴재,"글비,나우"
제목을 찾을 수 없음,작가 정보를 찾을 수 없음
장미같은 소리,"혜진양,듀영"
어른스러운 철구,해다란
애증화음,전구
타임인조선,이윤창
민간인 통제구역 - 일급기밀,OSIK
킬링타임,혼
섬나라 메생이국,"워니,메밀"
그 남학생에게 고백하지 마십시오,도희권
사이드킥,신의철
키스 식스 센스,"조코봉,갓녀"
손아귀,황정훈
하나(HANA),와난
2016 루키 단편선,네이버웹툰 작가
퓨리스틱,유성연
도플갱어의 게임,"킹스날,쥐주"
장씨세가 호위무사,"김인호,조형근"
대작,범우
메모리얼,상C
커피우유신화,"마사토끼,joana"
위아더 능력자!,손하기
콘스탄쯔 이야기,김민정
새끼손가락,이익수
세번째 로망스,문조
오늘도 고양이답게,김진
잔반없는 날,AHN
마술사,김세래
나의 신은 욕망꾸러기,서아
아가사,이다인
아이고 아이고,하모
풋볼 데이브레이커,조석
불가침영역,"오후,백아빈"
크레이터,태발
유령극단,LICO
암흑도시,정뱅
아이즈,정썸머
키스의 여왕,"영영이,이재익"
멜로홀릭,"팀 겟네임,아루아니,김칸비"
봄이여 오라,샐비
별을 삼킨 너에게,ARI
토니와 함께,정성완
놓정동화,"신태훈,나승훈"
꼬리 있는 연애,"진하,헤폰"
천국의 신화 6부,"올댓스토리,이현세"
개밥 먹는 남자,김태순
"그 악녀, 남자입니다","Studio 우리들,걸검"
피로만땅,샤니
도사 가온,김상민
선의의 경쟁,"송채윤,심재영"
컨트롤제트,미티
간택주의보,"은겸,연개,진숙"
지원,한(恨)
스토커,단우
유미의 세포들,이동건
일사부재리,"김신비,정은"
사랑일까?,"남지은,김인호"
마왕이 되는 중2야,38
칼에 취한 밤을 걷다휴재,"JP,송민,유진성"
파리의 우리동네,이재이
제비원 이야기,주호민
열무가 익어간다,박민경
3P,김우준
사실 마법이었던 거임,박성현
손 잡아 볼래?,예타쿠
폰투스 : 극야2휴재,"운,한큰빛"
제목을 찾을 수 없음,작가 정보를 찾을 수 없음
서울밤피어휴재,송지형
만나는 보았나! 100%리얼맨!,이현민
서울시 천사주의,안민
전생했더니 신입사원,"뭉쥐,예환,대나무집"
윈터 게임,고제형
나랑X할래?,"진자,정생"
냥하무인,박성현
몰랐지만 괜찮아,"이온도,이저녁"
심장이뛰다,백희
조선여우스캔들,"문종호,정후,차소희"
그 남주와 이별하는 방법,"환미,미니,소나불"
집사레인저,현실안주형
기적! 우리에게 일어난 일들,태발
낮에 뜨는 달,헤윰
첫사랑입니다만,"산차,이노"
방백남녀,고태호
팀장님은 신혼이 피곤하다,"장그린,강하다"
헌팅,"은성,전영륜"
사람은 고쳐 쓰는 게 아니야!,"염라,구일하"
수플레 팬 케이크휴재,호박
천치전능,"김칸비,송래현"
가슴털 로망스,갸오오
또다시 열일곱휴재,한다
갓핑크,"이상신,국중록"
궤도의 아이들,"나윤희,구김"
"구해줘, 호구!",기천
귀인,"정연식,황진영"
레인보우 로즈,"김예린,장유라"
집착 흑막들의 시터가 되어버렸다,"오성영,여람,i싱나"
"집사, 주세요!",꾀돌이
나의 우주,"공이,김문경"
환상의 용,꼬마비
어둠이 밀려오면,"이늑태,땡바,송지담"
수호하는 너에게,김순돌
유미의 작가 수칙,이동건
청춘일지,쏘림
여름의 너에게,라라뮤
리트리츠,"신형욱,김선희"
사랑받는 시집살이,"견이,태소정"
사람의 조각,"신의철,천범식"
서브 콤플렉스,소이
열정호구,솔뱅이
첩보의 별 시즌2,"이상신,국중록"
우리는 요정!,억수씨
뜻밖의 청혼휴재,"이건,홍홍,해사"
모태솔로수용소 시즌2~3,siAm
친구의 비밀계정,"남방과일차,오제이"
미시령휴재,모코넛
2017 멋진 신세계,네이버웹툰 작가
데우스 엑스 마키나,꼬마비
우연일까?,"남지은,김인호"
한입만!,이한솔
원티드,럭스
무한동력,주호민
악몽의 형상,김용키
요리대마왕,랑또
열렙전사,김세훈
향수,석우
우주 최강의 첫사랑,"정하림,갱"
골방환상곡,"워니,심윤수"
열녀박씨 계약결혼뎐,"안젤리크,닷다,김너울"
나만의 고막남친,"비로,팀 노란,이혜율"
오늘부터 천생연분,"달노도,노승아"
소설가J,오성대
머리카락을 뽑으면,이다몽
시선 끝 브로콜리,모차
핑크레이디,"연우,서나"
빛나는 손을,강은영
스페이스 킹,박성용
팔이피플,"매미,희세"
제목을 찾을 수 없음,작가 정보를 찾을 수 없음
이름을 불러주세요,"조석,김규삼,이동건"
이십팔세기 광팬,컷부
옆집화랑,최남새
당신이 나를 믿으신다면,김그래프
미선 임파서블,이수민
악취,디귿
개같은 아빠,"미티,개초"
수상한 비밀상담부,149
내과 박원장,장봉수
악당의 사연,랑또
모태솔로수용소,siAm
아무래도 결혼을 잘못한 것 같다휴재,"싱난다,융털,이엔,김다함"
"행운을 빌어요, 용사님!",송현주
놓지마 정신줄,"신태훈,나승훈"
제목을 찾을 수 없음,작가 정보를 찾을 수 없음
심연의 하늘 시즌5,"윤인완,김선희"
깜찍이 해피데이,문나영
원수를 사랑하라,"정윤,태건"
SM 플레이어,랑또
나랑 해요,"통조림,별규"
사이비 러브,사냥사슴꾼
신이 담긴 아이,"건치,호진"
부토,정현주
완벽한 가족,"냥빠,주은"
시월드 판타지,"진돌,히디"
허니허니 웨딩,"문나영,노승아"
다시 또 봄,이힝
우리 오빠는 아이돌,성은
벽간소음휴재,이백
2015 루키 단편선,네이버웹툰 작가
제목을 찾을 수 없음,작가 정보를 찾을 수 없음
그녀석 정복기,강은영
D.P 개의날,김보통
진진돌이 제로,윤종문
데이빗,d몬
"화공, 해란","랑땡,개물,이은비"
미친 황제가 나를 안을 때휴재,"육미화,라타,임혜"
꽃가족,"이상신,국중록"
행복을 만드는 방법,적목
고시생툰,seri
바람의 색,"재아,임광묵"
웨스트우드 비브라토,"윤인완,김선희"
보살님이 캐리해!,"성코,콩자"
프린스 메이커,수오수
펀브로커,피터-Pen
숨겨진 성녀,"Studio 우리들,연슬아"
피차일반,심지예
신선비,이서현
사공은주,이체리
위험한 남편을 길들이는 법,"두지,윤손"
"라커, 오프너","만취,바른꽃"
진짜 진짜 이혼해,"서후,해인"
흐드러지다,연제원
"푸른 밤, 황홀의 윤무","호찌,해독,유안나"
야! 오이,랑또
제목을 찾을 수 없음,작가 정보를 찾을 수 없음
사상최강,"이단아,황규영"
저주가 저주가 아닌 게 저주,"가향,제과제뼈"
감 비서가 고장났다,"퀀퀀,파란드"
파견체,곽백수
연애세포,김명현
제목을 찾을 수 없음,작가 정보를 찾을 수 없음
방정사,"할리데이,도진"
던전 씹어먹는 아티팩트,"엄키,제로워터"
사악한 공작 영애의 우울,"사월,산이,설단희"
아이고(IGO),김우준
연봉신,미티
제목을 찾을 수 없음,작가 정보를 찾을 수 없음
트라우마,곽백수
죽어도 다시 한번!,"이지원,티키타카,강하다"
203호 저승사자,샤니
짐승의 꽃,"하브린,옆집찰스,황도톨"
공포특급,없는사람
바이올린처럼.,김윤주
황제의 품으로 돌아온 성녀,"복장,마요네스,스카이야"
지금은 삽질 중,자유
본격 말년런 만화,이말년
연애 연기대상휴재,"김충전,일공팔"
보스였음휴재,"럭스,박만사"
출격! 반보트,"TGM,린다"
가우스 임파서블2,곽백수
놓지마 정신줄 시즌3,"신태훈,나승훈"
비인간휴재,김케이
천도휴재,진작
너의 키스씬,조니조
고양이 키스,"건짱,망둥어,김애정"
랑데뷰휴재,제로
스몰,을승
입시명문사립 정글고등학교,김규삼
파운더휴재,"임상윤,만두인"
하드캐리,조양
제목을 찾을 수 없음,작가 정보를 찾을 수 없음
아부쟁이,이익수
스파이더맨 단편선,"마블 코믹스,컬런 번,닐 에드워즈,사라 피첼리"
구사일생 로맨스,"해부기,서정,수(秀)​"
윗집 그 남자휴재,핸저 아트
하루달콤 하루쌉싸름,은유
작전명 순정휴재,"꼬까리,들덤"
제목을 찾을 수 없음,작가 정보를 찾을 수 없음
제목을 찾을 수 없음,작가 정보를 찾을 수 없음
저승사자:제령무사,웨방상
더 복서,정지훈
그 남자의 은밀한 하루,"탄단,이로,백묘"
투명한 동거,정서
스타일ON 시즌2,"POGO,추혜연"
빨리감기,"홍준기,포르토"
자매의 사생활,"조주희,뉘롬"
광해의 연인,"러시,유오디아"
핑크레이디 클래식,"연우,서나"
경기 GO,HO9
더 나우,이니
12시네점심,조석
제목을 찾을 수 없음,작가 정보를 찾을 수 없음
이런 미친 엔딩,LEE세
수학 잘하는 법,하비영
소년 소녀 연애하다,네이버웹툰 작가
"수상한 자판기 (feat,금연)",윤정민
N의등대-눈의등대,김규삼
혁신적 얼간이들,가스파드
내 룸메이트는 마네킹,서이
천마육성휴재,"광휘,조형근"
키드갱,신영우
온새미로,"여우,사문"
삵의 발톱,손영완
지원이들,구리
감히,희나리
베니루 BAENIRU,우지금
2024 내일 뭐 입지?,네이버웹툰 작가
간 떨어지는 출근,나
짜장 한 그릇에 제갈세가 데릴사위휴재,"허일,에르훗"
꼰대 관찰자,진아
제목을 찾을 수 없음,작가 정보를 찾을 수 없음
쎄쎄쎄,제민
한스와 에밀리,김지효
사기 친 공작님을 유혹해버렸다휴재,"T.Heimdallr,쥐똥새똥"
급식러너,슬랭킷
브레이커 (Breaker),"전극진,박진환"
강림전기 개정기,"철무장미,장군"
내 어린고양이와 늙은개,초
지니오패스,공현곤
알뜰일기,자까
묵회,한나
그린스마일,권혁주
말박왕휴재,용사
진진돌이 에볼루션,"김기정,윤종문"
반중력소녀,겨울
아포크리파,"은성,두만식"
구리의 구리구리,구리
루나샵에 어서오세요!,레민
잡다한컷,그림왕양치기
POGO 공포단편선 - 혼집,POGO
단군할배요,호연
결혼까지 망상했어!,문주
구독금지,김이연
귀도,주동근
넷시의 비밀,비온후
오렌지 마말레이드,석우
내가 키운 S급들휴재,"seri,비완,근서"
버프소녀 오오라,김규삼
도를 아십니까,"이건,요엘"
DK9,곽백수
국왕과 성기사의 약탈혼,"이린비,박지은"
최종보스 공대장,"김장훈,박수봉,하성신"
제목을 찾을 수 없음,작가 정보를 찾을 수 없음
인간의 온도,"이재익,양세준"
팬시X팬시,인미
호랑이형님휴재,이상규
하루 3컷,배진수
미스테리오소,"송일곤,이제"
천년간 노려왔습니다휴재,수빈
어차피 남편은!,찡나
랜덤타겟,"이니,정유한"
황금의 세계를 너에게,레민
묵시의 인플루언서,조석
이종 격투기,꼬마비
이븐 모어,"성,귤씨,여울,토피,달로"
그린보이,"정재한,임진국"
여친을 찾아서,"뻥,타로맨"
2호선 세입자,"정은경,여원"
갓물주,HD3
싸우자귀신아,임인스
기기괴괴,오성대
뱀피르,"카인,12B"
고민남녀 방백커플,고태호
내남친 킹카만들기휴재,"랑쓰,섯끼"
조선홍보대행사 조대박,"김양수,기구름"
제목을 찾을 수 없음,작가 정보를 찾을 수 없음
이계 무슨 황비,"전현서,GUA"
동통대학교,이난
말하는대로,무브
타인지옥 - 연쇄살묘사건,김용키
호랭총각,강호진
너에게 입덕중,"카레,새우"
좋은데 어떡해,여은
북경신보,"산하,김대영"
가상&RPG휴재,주다현
제목을 찾을 수 없음,작가 정보를 찾을 수 없음
카라멜마끼아또,김명현
실질객관동화,무적핑크
가족의 초상,김승택
함부로 대해줘,선우
경운기를 탄 왕자님,무적핑크
제목을 찾을 수 없음,작가 정보를 찾을 수 없음
뫼신 사냥꾼,"승림,방승현,윤현승"
구남친이 내게 반했다,"희똑,강하다"
시큼새큼,묘니
이별학,맹물
팔려 온 신부,"지기,시크크"
"힘내요, 달마과장!",박성훈
나를 바꿔줘,"이지호,호띠"
너와 나의 거리는 8.5,김진
안미운 우리들,지피
하슬라,"까를로스,유상진"
헥토파스칼,"버퍼링,길성근"
제목을 찾을 수 없음,작가 정보를 찾을 수 없음
S.K.T(Swallow Knights Tales)휴재,"한흔,구당,김철곤"
연두의 계절,은유
수사9단,김선권
평범한 낙원,후드새
구리의 구리구리 컴백,구리
죽여주는 탐정님,"뻥,조은"
직구일기,자까
남주서치,잔비
2014 루키 단편선,네이버웹툰 작가
바퀴,"나우원,오른손"
"또다시, 계약 부부","제제,설우희"
거미,모아이
역주행!,김현아
테러대부활,"한동우,고진호"
"모든 숨마다, 너","클로버9,골드또잉,김결"
가우스전자,곽백수
색으로 말하다,"요한,제나"
굿닥터,"곰작가,썬파인"
구주,"준치,조9"
불릿 6미리,김도근
아도나이,주동근
2018 루키 단편선,네이버웹툰 작가
이계진입 리로디드휴재,"차우민,쵸쵸,임경배"
늑대가 되는 법,김민희
쿠키의 신,하일권
겨울동화,심윤수
환수왕,좌승훈
움비처럼,권혁주
거상 김만덕,"신지상,오은지"
소녀재판,"루즌아,보로콤"
모노마니아,구리
헬크래프트,"나락,영기"
프레이,GO100
쇼윈도 탈출휴재,"뽀삐,수희"
강한 누나휴재,멋쟁이
"황궁에 핀 꽃은, 미쳤다","한누리,희구,성소작"
2022 그걸 네가 왜!,네이버웹툰 작가
남사친과 실수는 추천하지 않습니다,"클레버,후영,권찌"
스쿨홀릭,신의철
여명의 등불휴재,구크
모락모락 왕세자님,원해
너무 잘 보이는 그녀,"DoWn,이로담,벚꽃그리고"
"꿈, 날개를 달다.","전진석,장덕현"
자취로운 생활,츄카피
힙한남자,혜니
웰컴투 피자월드,정다정
죽지 않으려면,"파래,임진국"
순수한 동거생활,"성은,플아다"
동네몬스터,"이현민,이세형"
12차원 소년들,컷부
하나in세인,석한
"아마도, 굿모닝","은나,솜베,우지혜"
공녀님의 꽃밭에는 그들이 산다휴재,"검오리,영락,고겨울"
무서운게 딱좋아!,이동규
여기 악마가 있어,맷집왕
그림자 신부,"푸딩장군,이새인"
꽃미남 저승사자,"히어리,쌍필,사지현"
기후변화 그림일기,은꼼지
좀비소녀,DAMA
폭군 남편과 이혼하겠습니다,"조사라,오윤하"
단편 할머니/나는내일죽는다,태발
위장불륜 (僞裝不倫),히가시무라 아키코
제목을 찾을 수 없음,작가 정보를 찾을 수 없음
"대공님, 실수였어요!휴재","시세Sisse,이정은,조이뿅"
마물전담부대,염손
택배기사,이윤균
남편 먹는 여자,나나은
헬로맨스,"이공주,하얀독수리"
기태류,배드이리
불발소년,곤세
텍사스홀덤,onesound
혈액형에 관한 간단한 고찰,박동선
오징어도 사랑이 되나요?,"젤리피쉬,문댄스"
다섯번째 벽,김승원
우리 헤어졌어요,류채린
신부가 필요해,"루홍,미니,박수정"
성공한 덕후,옛사람
니편내편,미티
찌질의 역사,"김풍,심윤수"
세개의시간,노란구미
누나! 나 무서워,디귿
그런지,김이랑
아찔한 전남편,"마풍각,여백,별규"
죽었던 너와 다시 시작하기,히우
아프니까 병원이다,고리타
GO!구마 가족,홍끼
"선배, 그 립스틱 바르지 마요","까페라떼,JINHA,엘리즈"
마루한 - 구현동화전,박성우
거래하실래요?,"99C,백도"
선남친 후연애,"해부기,정미,왕기대"
사장님이 미쳤어요,"밤희,꾼,노승아"
연애는 전쟁!휴재,"윤솜,와리"
악역을 길들인 줄 알았는데,"박신,아마,서예림"
"17살, 그 여름날의 기적",석우
"안녕, 이바다씨",문나영
트리니티 원더,"전극진,박진환"
검은 마법사 Origin,"김다현,김재한"
제목을 찾을 수 없음,작가 정보를 찾을 수 없음
매지컬 메디컬,지공
백귀야행지,아만(阿慢)
불면증을 치료했더니 폭군이 집착합니다,"복숭아맛탄산수,제이디,M&K스튜디오"
열등의 조건,또이
11me,"고지애,영재영"
도돌이표,으겸2
급발진 로맨스,야채광인
악녀인데 하필 남편이 잘생겼다,"권수리,장덕,벚꽃그리고"
우산 없는 애,로밋
"2021 최애캐 안녕, 잘 지내니?",네이버웹툰 작가
블러드레인,"meen,백승훈,백두"
옆집친구,이한솔
내일은 웹툰,신의철
브랜든,d몬
침묵의 밤,"한동우,Q-Ha"
낢에게와요,서나래
2022 서브병에 빠지다!,네이버웹툰 작가
세상은 돈과 권력,"한동우,이도희"
본격금연권장만화,박태준
아테나 컴플렉스휴재,케이사르
트로이 목마,"쥬드 프라이데이,팔든"
2017 루키 단편선,네이버웹툰 작가
2019 루키 단편선,네이버웹툰 작가
스페이스 차이나드레스,"최봉수,원현재"
도망자,신영우
촉법소년,"박만사,남자의 이야기,정종택"
개판,현욱
일홀도휴재,"장래혁,설봉"
오늘도 월월!,"뉴릉이,도랑"
혼신,임리나
스트릿 워크아웃,장부규(BKORI)
나는 어디에나 있다,김선권
다함께 이겨내요,네이버웹툰 작가
사랑은 없는 것처럼,"carbo(도효원),김해담"
오로지 오로라,홍달
미물,"외눈박이,김도연"
해일로의 아침,"박장고,이우"
코인 리벤지,박성현
기사도,환쟁이
쿠쿠쿠쿠휴재,신의철
아르세니아의 마법사휴재,"SAYM,박성호"
구름의 노래,호랑
시한부 기사가 되었다,"김두루미,최윤열,금의행"
코드명 가우스,곽백수
마섹남 - 마술하는 섹시한 남자,"랑또,티르스,육시몬"
너와 XX휴재,뉸
굿헌팅,"HB,심조,홍반장"
제목을 찾을 수 없음,작가 정보를 찾을 수 없음
나는 너를 모른다,태양
밈의 스마트 라이프,판다독
해귀,알파A
돼지우리,"김칸비,천범식"
진주,"백두,박만사,백승훈"
나를 햇볕에 묻어줘,해영채
갑!자기 건물주,"스튜디오 호호이,이노우,푸딩장군"
제목을 찾을 수 없음,작가 정보를 찾을 수 없음
얼짱시대,"박만사,남자의 이야기"
그 남자의 정원,"재키,원해,로즈빈"
비밀상자,레이카
제목을 찾을 수 없음,작가 정보를 찾을 수 없음
후유증 2,김선권
붙였다 뗐다! 야매 집밥요리,정다정
지상 최악의 소년,정필원
야간근무,"둥글댕글,쇼비,리브 바이"
2020 호랑 공포 단편선,호랑
왜 아직도,헛둘
부릉부릉 천리마마트,김규삼
2015 사이,네이버웹툰 작가
블랙 위도우,"마크 웨이드,크리스 샘니"
신의 집사,"조주희,SECAN STUDIO"
나라 구한 전생,양키풀
Attention please!,네이버웹툰 작가
차가운 장례식,탐토
블로섬 데이즈,태양
어린 상사,"LICO,박수정"
홍대 바이브,내먼
오빠집이 비어서,"이서희,태소영"
속삭이는 e로맨스,최경아
봐선 안되는 것,수리부
재앙의 날,"환상특급,이승찬"
레드돌,최윤열
더 해머휴재,"스튜디오 시그마,멘수,Painkiller"
미결,꼬마비
취사병 전설이 되다,"제이로빈,이진수"
2022 몰래보는 로맨스,네이버웹툰 작가
월남특급,혜원
판타지스케치 - 더 게임,"엄재경,천범식"
어느날 네가 떠올라!,해영채
제목을 찾을 수 없음,작가 정보를 찾을 수 없음
ㅋㄷㅋㄷ만화,이혜
약초마을 연쇄살초사건,박지독
리얼주주,손태규
돌아온 여기사,"이하린,하늘미르"
엑스애쉬휴재,"김세훈,이광수"
비둘기가 물고 온 남자,김달님
N의등대-busted,조석
포스트 팬데믹,"좡좡,영명,한산이가"
비스트번,윤영일
기계증식증,홍작가
어느 날 남편이 생겼다,"위궤양게츠비,담수,갓녀"
김왕짱,이난
"너의 순정, 나의 순정",정살
진정친구,설주
악령주의보,토마토모닝
내가 만든 이세계,가천가
굿모닝 스페이스,이수정
멸망으로 시작하는! 근미래 생존법휴재,김부농
기로,구들
제목을 찾을 수 없음,작가 정보를 찾을 수 없음
잿더미 황후,"스튜디오BCW,별보라"
결계녀,김태경
푸른불꽃,닺
연애혁명,232
패밀리맨,정필원
뱀파이어의 꽃,"카나리아,동물,하야시"
제목을 찾을 수 없음,작가 정보를 찾을 수 없음
첩보의 별,"이상신,국중록"
중간계 사우나,고요빛
여기는 시에라리온,필냉이
아슈타르테,"미세초,SOON,안다온"
부부의 의무를 원하신다면,"핀쿠,은꽃,아소나"
라면 대통령,"명랑,신얼"
전설의 화석,"Studio 우리들,청종"
사소한 냐냐,LICO
평화식당,"턍,서우서우"
터치터치 그대,"손팡,이달아"
이분의 여름,"고하다,로직점"
시한부 황후의 나쁜 짓휴재,"굄,이준,정무늬"
낙원의 이론,"무멘,정선우"
괴담게임,"미레,솔파"
강변살다,박윤영
나의 계절,박수민
하루의 하루,김이랑
푸른 여름 단편선,휘요
우투리,"이재헌,임재원"
아버지의 컵,허영만
올빼미와 여름 하늘,"WmW,레베카 설리번"
이건 그냥 연애 이야기,이재이
도깨비 고개,이뫄
부산스런 웹툰,"김명현,김호드"
체스아일,cid 혁군
비밀친구,"이밤애,사바싸"
은밀한 재택근무,"굴닭,타단,주황연"
파우스트 인 러브,"허니맨,손팡"
요리사가 되고 싶은 천마님휴재,"필나르,춘삼,점도리"
성공의 비밀,미티
한섬세대,유승진
사주팔자,"문토,혜경,서자영"
에피소드메이비,정마루
안동 간고디,허영만
위대한 겸상,홍치
얼굴천재,지에이
갓트,"서패스,아거주누"
이상형,배사과
마음의소리,조석
밀웜,쿼시
타인은 지옥이다,김용키
제목을 찾을 수 없음,작가 정보를 찾을 수 없음
겟라이프,MOOHAK
헬 인 파라다이스,"비열한 호떡,-2℃"
불순물,우열
포크&나이프,삼박
㈜ 소크라테스,곽백수
히어로 더 맥시멈,박재이
지금부터 황제의 마음을 빼앗겠습니다,"코코넛크림파이,kiki"
행운을 부탁해!,해롱
제목을 찾을 수 없음,작가 정보를 찾을 수 없음
심심한 마왕,김상민
악몽일기,육공
S라인,꼬마비
유주의 우주,샌도
왕게임휴재,"신형욱,범고래"
생존로그,이노
제목을 찾을 수 없음,작가 정보를 찾을 수 없음
EVE,"은유,콩자"
2023 루키 단편선,네이버웹툰 작가
브레이커 : 이터널 포스휴재,"전극진,박진환"
온에어,심복일
이 짝사랑은 억울하다!,김밀콩
우리가 아니면,세오네
선배는 남자아이,pom
살인자의 쇼핑 목록,"강지영,정석현"
랭커휴재,"신건,taibogi"
결백한 사람은 없다,서각
와라! 편의점,지강민
사이다걸휴재,"김드루,김그루"
그 황제가 시곗바늘을 되돌린 사연,"Studio 우리들,블루밍부케"
인생존망,"박태준,전선욱"
낢과 여정이의 신비한 여행,서나래
어쩔꼰대,"강선율,Jencil"
돌&아이,"송채윤,엔리"
여고생이 신인데 나만 괴롭힘휴재,"박장고,이우"
깁스맨,맹물
어메이징 스파이더맨,"닉 스펜서,라이언 오틀리"
프린키피아휴재,"버튼,한경찰"
"소년, 남자의 이름으로",수진
트롤트랩,유비
2024 루키 단편선,네이버웹툰 작가
제목을 찾을 수 없음,작가 정보를 찾을 수 없음
이별만화 완성도,손경석
"나의 꿈, 나의 일",네이버웹툰 작가
시간과 사연,콜라베어
어느날 갑자기 가슴이 커짐,물렁이
리턴,송래현
중독연구소휴재,김택기
나를 낳아줘,"미티,연주"
어쩐지 수상하더라,"디기사,두둥"
조선좀비실록,곤마
용감한 시민,김정현
안드로이드는 혈이 없어,황동
봉이 김선달,"정하용,양우석,제피가루"
오빠 그건 오해야,"도연,태소영"
보스의 노골적 취향,"팀솜사탕,반지은,시크크"
연옥님이 보고계셔,억수씨
"오직, 밝은 미래",박원희
해피니스,"박시현,진철수,정석현"
개미잡이,이익수
보통아이,"까를로스,범스테드"
해피,박설화
제목을 찾을 수 없음,작가 정보를 찾을 수 없음
3cm 헌터,"돌연변이,제이로빈"
제목을 찾을 수 없음,작가 정보를 찾을 수 없음
사막에 핀 달,선지
DARK MOON: 달의 제단,HYBE
상처공감 다이어리,서나래
퇴마전쟁,한(恨)
야부리맨,미티
알바걸과 워킹맨,수진
황후의 립스틱,"커피콩,전지구"
완벽한 결혼의 정석,"영,제리볼,이범배"
덴큐,백감독
있을 수가 없어,"올소,해"
음악천재를 위하여,"캐롯스튜디오,고광(高光)"
사우러스,이노
일렉트로맨,김용진
오피스 누나 이야기,"김자네,와삭바삭,팔메이로"
쿠베라그 아레나,카레곰
악플게임,미티
미친 악마,이에프
하늘에서 떨어진 폴,"남지은,김인호"
무용과 남학생,이호진
오늘은 나랑 만나,네이버웹툰 작가
찐:종합게임동아리,소장
프로듀스 온리원,류가명
고백어택,늠개
아이레휴재,"설이,Team 설이"
"한여름, 밤의 꿈","김수박,KAN"
대박사건,"광진,두엽,그나"
애프터 스쿨홀릭,신의철
물범이의 히든카드!,판다독
38의 살인,이승준
신의 탑휴재,SIU
공부하기 좋은 날,황준호
레드초콜릿,"정기림,편현아"
슈퍼스타 천대리,"Do8,이재국,박경원"
오렌지 모멘트,"해마,억수씨"
에코히어로,판다독
풍요로운 생활의 발견,김양수
열쇠줍는아이,최윤진
판다독,판다독
하울링,"현재권,유노"
삼덕천하,"신태훈,울달"
지옥2:부활자,"연상호,최규석"
나의 짝사랑 고백법,해미
처음을 줄게!,을승
제목을 찾을 수 없음,작가 정보를 찾을 수 없음
무한세계,태양
일진이 사나워,"강환영,김현아"
마주쳤다,네이버웹툰 작가
비바 산티아고,김용진
언원티드,둠스
제목을 찾을 수 없음,작가 정보를 찾을 수 없음
하늘쌤은 피곤해,hemo
나는 어디에 있는 거니,서나래
트리거휴재,고경빈
천적,"꼬마비,재수"
장단에 맞춰줘!,햇님
내 ID는 강남미인!,기맹기
인간졸업,"진자,정생"
노선도,효기
일신상의 이유로 잠시 휴재합니다,"김의선,나무꾼,RK STUDIO,크래커"
여심강타(feat.금연),야옹이
언메이크,박화랑
제목을 찾을 수 없음,작가 정보를 찾을 수 없음
2015 소름,네이버웹툰 작가
멍순이,김달님
미리보기휴재,"미티,꿀찬"
보듬보듬,라라시스터
스쿨홀릭 : 작업의 공식,신의철
오늘의 일기예보,지휘
완벽한 부부는 없다,"롱별,초이,이다홍"
THE 런웨이,"도미,녹두,Hirachell"
아빠같은 남자,이수민
기사님을 지켜줘,달봉
언다잉,임목원
만능잡캐,"홍실,키보드만세,김대훈"
역전! 야매요리,정다정
지옥,"연상호,최규석"
단톡방의 쓰레기들,황정훈
밀당의 요정,"진선,천지혜"
여주가 사기 스킬을 얻음,"김자까,바오밥,슈피겔"
멸망X초이스,텐
또한번 엔딩,타리
2019 병영일기,네이버웹툰 작가
성인초딩,미티
공동급식구역휴재,청건
무진휴재,"사과,브라보 장"
개구리 인간,장혁준
작까세요,"에크치,닉넹"
교환학생,올챙구리
제목을 찾을 수 없음,작가 정보를 찾을 수 없음
도전 K-스타트업,곽백수
2D남친 별책부록,네이버웹툰 작가
킬러 김빵빵,김레옹
이혼 3초컷 완료해드림,"박신,회반죽,호박거북,황지구"
언데드,김우준
2024 너네 뭐 먹니?,네이버웹툰 작가
배트맨: 웨인 패밀리 어드벤처휴재,"CRC Payne,StarBite"
지옥 키우기휴재,세하
고등단편.zip,네이버웹툰 작가
구멍,단결
제목을 찾을 수 없음,작가 정보를 찾을 수 없음
미친 재능의 플레이어휴재,"S-Nanyc,호라칸,체나"
저승사자 출입금지,심웅섭
구덩이,철이
나의 불편한 상사,"탄지,남은경,이다홍"
미치도록 너만을,"월귤,해가,Lunar 이지연"
"이 결혼, 새로고침","영,다프네 박,핑크티"
피플,"서승준,손창균"
하루,오늘
1825일,지민
제목을 찾을 수 없음,작가 정보를 찾을 수 없음
응급로맨스,묘니
제타,하지
천하제일인,"권순규,신권이"
블러드 리벤저,고백
제목을 찾을 수 없음,작가 정보를 찾을 수 없음
짝사랑의 유서,군밤
백전불패,"윤인완,양경일"
통 엣지 [완전판],"운,한큰빛"
아빠는 버츄얼 아이돌,수오수
신은 주사위 놀이를 하는가?,"황동,SECAN STUDIO"
킬러방 : 퍼스트 킬휴재,"김도연,방진호"
연놈,상하
안전의 참견 시즌2,김양수
달이 사라진 밤,황지음
물레,고긱
DARK MOON: 회색 도시,HYBE
고삼무쌍,"B급달궁,하마"
불어오는 밤,reoalice
맨 vs 던전,이말년
뱀은 꽃을 먹는가,소나음
아기낳는만화,쇼쇼
호환의 상,광토기
판박귀휴재,킹맨
제목을 찾을 수 없음,작가 정보를 찾을 수 없음
튜토리얼 탑의 고인물,"토프,방구석김씨"
낢 따라 해봐요,서나래
변방의 외노자,"턍,동규,후로스트"
유니버스 000,고경빈
애니타임 브런치,네이버웹툰 작가
르완 多 한 컷,그림왕양치기
국선변호사,연재플러스
징글정글,김용진
주인공이 힘을 숨김,"팀 맷가마리,로드워리어"
조석축구만화,조석
그대에게 이 별을!휴재,"양띠,하래"
개와 사람의 시간,무브
칼과 방울,유승진
남기한 직장인 만들기,미티
연애고수,햇님
고등매직,래형
줄리에게,제야
권리행사자,샤이탄
렌탈히어로휴재,"포르토,코벳"
리안소울의 엑소클럽,"신진오,박희정"
시한부의 아이까지 뺏으려 합니다,"랍스타,이루이"
2013 루키 단편선,네이버웹툰 작가
에피소드칵테일,정마루
크레이지 커피 캣,"엄재경,최경아"
상사몽,"crook dog,임영윤"
싸움꾼,"전상영,유상진"
죽어도 로맨스,"권혜민,단염"
왕신황제,"김경태,진작"
똑똑한 나 인증,"조용석,모죠"
1331,"보라기린,릴매"
이별의 품격,"해마,억수씨"
SPT - 박쥐의 시간,"김보통,본인"
이탄국의 자청비,"한집,나넷,김보람"
시한부 천재 암흑기사휴재,"판테라,나기,정선율"
아카데미 플레이어를 죽였다휴재,"기린그린,사람살려."
그녀는 무사다,"명랑,부겸"
2011 루키 단편선,네이버웹툰 작가
옷장 속 해골과 로버맨스,청보리
삼국지톡,"무적핑크,이리"
약탈 신부,"팀 카푸치노,강희자매"
야만의 시대,"신의철,장대현"
좀비묵시록 82-08휴재,"달아,아쿠아콘,경우,박스오피스"
환생한 왕세자가 도도해봤자,"기선,세일리아"
밥풀때기,"Dylan,DanBrave"
메이드 인 헤븐,세오네
루머의 법칙,"T그린,BB추"
뷰티풀 군바리,"설이,윤성원"
개미,재희
해님의 용왕님,차에
주욱 같은 하루,"미티,민영"
이모털 헐크,"앨 유잉,조 베넷"
평범한 8반,영파카
고맙습니다,네이버웹툰 작가
썬데이 상담소,네이버웹툰 작가
썸머썸,주영현
퐁당훈녀클럽,"손제호,HUN,이광수,제나"
스펙트럼 분석기,도국
사또(Satto),최윤진
겨울특강,곤세
"열렬하게, 단하나","RAN,이른봄"
디나운스,윤예
연애의 발견,"별곡,멍짖"
마계인섬,초
아낌없이 프러포즈,"유진하,시크크"
화사 홍천기,유승진
소장,소영
그래도 괜찮다,김은주
호시탐탐,박현정
선녀야 야옹해봐!,햄톨탱크
의도적 외면,보민
일편단심화,심윤수
버그이터,이륙
실버 쥬얼휴재,찬2
시간의 섬휴재,이아
제목을 찾을 수 없음,작가 정보를 찾을 수 없음
가족사랑툰,"남지은,김인호"
이세계 세입자들,"kiki,이음"
필생기,찬성
만화가를 만나다,네이버웹툰 작가
쌈빡,38
메트로헌터휴재,"두엽,척준경"
이중 나선,"Hanna,은하"
맞바람을 핀다는 건,"청푸름,팀 우사,손세희"
괴이,"이정우,홍인근"
미쳐 날뛰는 생활툰,Song
거짓말의 뉘앙스,사즈
달이 뜨지 않는 도시,뚱귤
채수연,"meen,아쿠아콘"
도리내리,사영
탐구생활3,메가쑈킹
복수 법률사무소,"이석준,기선우,도진기"
왕은 그림자 숲에 잠든다,"HB,효설,현민예"
관심종자,웅
링크보이,"광진,두엽"
당신이 범인이야!,네이버웹툰 작가
영애의 경호관,"러스츄,전경민,carbo(도효원)"
N의등대-thecalling,강호진
로딩,이지우
F컷,서다일
숨:킬더바디,"이재헌,김태순"
나란의사 그런의사,유성연
낙향문사전휴재,"바킹독,팀 페가수스,언라이팅"
한.마.디.로,김양수
혼전계약서,"시원,플아다"
인간의 자격,"MU,초연"
리즌,이익수
제목을 찾을 수 없음,작가 정보를 찾을 수 없음
프리드로우,전선욱
기밀입니다,"시니,광운"
격투기특성화사립고교 극지고,허일
연,구아진
몽연,제제
강남도깨비,"이경민,송준혁"
사랑은 오디션이다,"김양수,신의철"
빨간책,랑또
오로지 너를 이기고 싶어,"아마도지,사삭"
우리의 이상한 여행,최경아
소름일기,siAm
호야,한큰빛
불만시대,김8
수요웹툰의 나강림,"이경민,송준혁"
신의 최애캐,김찹쌀
인피니티,2오
갑자기 커피,"우,리지"
태왕광개토,"청안랑,김인호"
관계의 종말,김용키
터치! 메리크리스마스,네이버웹툰 작가
형사본색,"신철,펜촉"
좀비X슬래셔,"나락,홍준기"
성역의 기묘한 이야기,조석
헬스 시궁창인생 고등학교,붉은코끼리
2017 사이다를 부탁해!,네이버웹툰 작가
잉여특공대,"물꾹,찰떡"
소년만화에서 살아남기,"김경호,지놓"
4층복도끝천국,"효조,POST"
구운세상,기안84
탐의 굴,보민
2-3승강장,김민찰스
연 시즌2,구아진
특수청소,한(恨)
밤낚시,"LICO,디귿"
악당의 끝은 선택이 아니다,"티바,바타코,진수윤"
제목을 찾을 수 없음,작가 정보를 찾을 수 없음
주인공의 주식을 팝니다,"50,가얌,목감기"
부동산이 없는 자에게 치명적인,유기
용이산다,초
오늘 밤만 재워줘,"유나나,해번"
AI 유하,"박현,지홍주"
연애학,맹물
오프에서 만나요,팀 치즈고포
병의 기록,베어리
용한 동거인,"졔,윤그늘,MACHI"
사노라면,네이버웹툰 작가
"첫사랑, 두 번째",하모
아이리스,차우민
미스테리 게임,고경빈
군인RPG,십박
제로,"정재한,이나루"
야수의 날,"이동화,이금성,이승우"
파리대왕,워커
너 사용법,조석
지옥급식,둘기마요
고(故)길창덕화백 추모웹툰,네이버웹툰 작가
다꾸남,코츠
기억흔적,브라보 장
주작연애,우까
은하연인전,전광철
귀환했는데 입대 전날이다휴재,"해일,오코믹,황금비둘기"
쎈놈,박용제
잿빛도 색이다,쿼시
소년 검사,혁씨
마도휴재,이밤
도자기,호연
소녀 해미,이현우
"네가 있고, 내가 없는",달피
무능력자휴재,"치킨무,드쾅"
어벤저스: 지구 최강의 영웅들,"제이슨 아론,에드 맥기네스"
귀령왕,"손고후,박진석"
이터널스,"닐 게이먼,존 로미타 주니어"
"사랑아, 영원해!",초피
길에서 만나다,쥬드 프라이데이
웃지 않는 개그반 시즌1~2,현용민
지킬수록 기분좋은 기본,네이버웹툰 작가
요괴대전,"강두식,장부규(BKORI)"
택배 왔습니다,이한손
헬스툰 시즌1,네이버웹툰 작가
악인,"광탄토,마두르"
내가 쓴 소설 속 주인공들이 나를 죽이려 드는데요?,포카리
탐구생활2,메가쑈킹
소년의 기록,베어리
신상 미스터리 극장,신상윤
빅맨,하하영
어빌리티,"손제호,이광수"
공복의 저녁식사,김계란
공포단편선X,김대일
아싸! 달콤한 인생,HD3
싱글브로,"아린,심윤수"
기다리다미쳐,김윤주
호러전파상,"봄소희,김선희"
사생활 체크,"리기,와치"
우리 은하,녕
그녀는 가면을 쓴다,"월해,템푸"
쥴리에타의 드레스 업,"말차,유자차,채하빈"
헤어진 다음날,"남지은,김인호"
시크릿 플레이어,"냠냠이,나지하지,산지직송"
지배,박태현
씨앗의 정원,백희
한국만화 또 다른 시선,네이버웹툰 작가
한국만화 1990,네이버웹툰 작가
그날의 생존자들,김선권
사기캐,"후렛샤,레이저"
불티,"박시현,오른손"
착한건 돈이된다,유성연
보에,"서이레,서기진"
알파라이징 라이프,김양수
연기는 처음인데요?!,"홍로베,앨렴"
쉿! 페어링 중...,해나
물고기로 살아남기,동우
7아이언,"태발,김홍태"
N의등대-도망자,김선권
강시대소동,주동근
스마트폰 게임 개발 이야기,유영욱
지구멸망버튼,"박장고,신신성"
학교걔담,"서후,댕빵"
제목을 찾을 수 없음,작가 정보를 찾을 수 없음
이두나!,민송아
투 두 리스트,"RYO,FLEWing"
웅이는 배고파,박웅
닭강정,박지독
고삼이 집나갔다,미티
궤짝,"박만사,주범,지노"
갇힌 방,"찡나,지언"
회춘,기안84
오란씨100,박민경
로그아웃,임목원
서류상 아빠,"다드래기,애디스,탄찌"
소년전[Limit],라디야
소녀행,"서이레,라미아"
자장자장,"MJ,백리"
결혼 시뮬레이션,"김래잇,황주영"
가장 썩은 것을 줄게휴재,윤다
이세계 용사가 지구를 구하는 이유휴재,자린고비인
러브 인 바디,한요정
실질객관영화,무적핑크
전설의 레전드,강냉이
오늘도 사랑하세요,하찌
제목을 찾을 수 없음,작가 정보를 찾을 수 없음
소사이코티,"서한,연호"
월야환담,"홍정훈,고진호"
간첩 18세,"김꿀빨,김주인"
神장산범,"령,서루"
어른의 계절,선홍달
달달한 지구,정성완
살의,길연
은둔코인,HD3
물위의 우리휴재,"뱁새,왈패"
모두에게 완자가,완자
룸9,은작
신의 언어,장래혁
이단,"세모,네모"
하얀 사자의 비밀 신부,"봉비,임혜"
살고 싶어? 그럼 키스해,"박나현,곽다빈,참새퀸"
제목을 찾을 수 없음,작가 정보를 찾을 수 없음
선배는 나빠요!,쟈바칩
기묘한 만화,몬킬
사파리 로맨스,"yoshua,윤정"
오파츠,"성진,부겸"
청춘만개,ALTO
우리 안 사귀어!!휴재,"이경민,송준혁"
사내고충처리반,"정주행,JINU"
사심폭발 로망스,"묘묘리,상림(메리J)"
제목을 찾을 수 없음,작가 정보를 찾을 수 없음
사형소년,"김숭늉,박만사,광산"
크라임 퍼즐 시즌2,"meen,도승재"
용련,실
상연,YooN
우리 무슨 사이야?,고농
오빠 왔다,모나
새벽9시,서재일
황제에게 하트를 심어주세요,"Studio 우리들,6S"
위험한 신입사원,"Jiya,박수정"
프로페서,"다드래기,노리,김연우"
보세왕,기안84
제목을 찾을 수 없음,작가 정보를 찾을 수 없음
파라다이스,황미나
벨과 야수의 근로계약,"도넛먹는해달,우메오"
장미아파트 공경비,"권정희,박병규"
1학년 9반,우윱
내일을 준비하는 우리들의 이야기,네이버웹툰 작가
적월의 나라,"박신,신신성"
제목을 찾을 수 없음,작가 정보를 찾을 수 없음
라나,"서이레,SangFeel"
킬더킹휴재,"마사토끼,joana"
싸귀2 : 퇴마록,임인스
데스코드,"버퍼링,임동규"
메시아 콤플렉스,박찬용
층간소음,양송
들개,"홍원찬,최감자"
라크리모사,임인스
블러드레인2: 천외천,"meen,백승훈,백두"
약한영웅,"서패스,김진석"
나는 남 너는 녀,녹밤
죽여야 산다,"은류,김태순"
라라파루자,유티스트
"2014 네이버 웹툰, 왓 이프?",네이버웹툰 작가
B와 D사이의 C,"스토리플러스,김영혜"
천상의 주인,"권러프,MOOHAK"
최면학교,박은혁
사랑을 연기하다,"김작가,유성연"
기능의 재발견,김양수
마녀의 소녀,"제피가루,수국"
밑빠진 용병대에 돈 붓기,"체셔냐옹,치카"
한 달 서른 날,꿀자몽
AA,"선정,지숙"
아이돌의 비밀 스터디,우아람
솔그린휴재,래드
Here U Are,D JUN
하하하 만화세상,네이버웹툰 작가
모던패밀리 2,"외눈박이,시현"
바른탕진 프로젝트휴재,점삼
조선 세자빈 실종 사건,"서이나,강다혜"
최애캐의 고민상담소,네이버웹툰 작가
블랙수트,"박세준,차용운"
고기인간,"모래인간,하얀돌"
100,"형은,최윤열"
탐구생활4-그대와 함께 하이킹,메가쑈킹
최강의 폭주 더 레전드,원현재
선녀님은 휴가중,으늬
일상이 무너졌다,"승한,예림"
"꼭, 딱, 똑으로 시작",네이버웹툰 작가
"아, 연애하고 싶다",강우봉
황녀인데 악녀입니다,"한리앙,수자"
중립디자인구역,최남새
폭탄주먹 변대장,"엄재경,지야프"
원하는 건 너 하나,"달콤J,박성실,sage"
싸움독학,"박만사,김정현"
제목을 찾을 수 없음,작가 정보를 찾을 수 없음
다크 판타지 속 성기사,"네임드,숨숨,중고루"
2018 재생금지,네이버웹툰 작가
은의 정원,"터장,채은"
이제 곧 죽습니다,"이원식,꿀찬"
여고생 임연수,"령,박혬"
왕따협상,아이아리
어둠 속의 닭은 울지 않는다,제이덴티
원수가 나를 유혹할 때,"황비노,포롱,최서희"
꿈드림 어드벤처,만두인
장트러블,투바
천마의 후손이 되었다휴재,"정선율,임유온"
좋아하게 될 거야,"이굴림,박수정"
어떤소란,케첩
두근두근 투모로우,네이버웹툰 작가
뜨거운 것이 좋아.,고나리자
모텔 304호휴재,이말랭
번개기동대 2009,"박성진,임성훈"
마스코마스코,남정훈
달빛세면소,나와
트러블리걸,일쩜이
견원지간 로맨스,"최현옥,고방"
지구식 구원자 전형,"하정수,외투"
손발톱스타,강모림
2020 최애캐의 MBTI,네이버웹툰 작가
하나는 적고 둘은 너무 많아,"젤리피쉬,손모모"
달라 보여도 모두 같은 가족,"김진,신태훈,나승훈"
일진과의 전쟁,표
크림슨 하트,HYBE
돌아온 쿠쿠짱,"신의철,김성모"
완벽한 연애,미믹
와라! 플래닛!,지강민
인자강,"김경태,진성"
동경소녀,"로보타,김가륜"
히트포인트,"민형,여강현"
노답소녀,석우
데드라이프,"후렛샤,임진국"
욕망일기,"김꿀빨,박만사"
제7원,"남정훈,김태헌"
재생존경쟁,"미티,톨젠"
갓 오브 하이스쿨,박용제
와탕카,우주인
오늘부터 주군,박카린
Wish Festival,네이버웹툰 작가
사피엔드,로비
창궐,"황조윤,윤군"
다섯작가의 이런저런이야기,네이버웹툰 작가
심부름센터 K,김선권
네이버 앱피소드,네이버웹툰 작가
몬스터,이은재
기술찾아드림,미티
블랙엔젤,"meen,이동현"
서과장은 산재처리 됐을까휴재,LICO
태권보이,김우준
단편.zip휴재,네이버웹툰 작가
혜성같은 소년,한혜연
맛집,"밍규,드로잉창고"
이상형은 아닙니다,"박윤영,은동이"
다름이 아니라,해미
홀리데이,광진
우투리: THE LEGACY,"도토리맛 우유,홍기우"
노블레스,"손제호,이광수"
인생영화,희나리
헬로도사,웅비
연하의 맛,"나영,승우"
나쁜 쪽으로,"오은,이세릴"
베어케어,"꽃소금,김용원"
아내를 죽였다,희나리
최강부캐,직씨
항 때문이야,네이버웹툰 작가
아고믹 라이프,"워니,메밀"
마인드컨트롤,마인드C
더 휠,HUNP
조선롹스타,전분
2024 근황검진,네이버웹툰 작가
규격 외 혈통 천재,"초멍,피콕,소울풍"
제목을 찾을 수 없음,작가 정보를 찾을 수 없음
바스키,"진철수,변기현"
차라리 만나지 않았더라면,Mlizard
어미나톡,럭스
인생존망2,"박만사,땅콩,전선욱"
폰령,네이버웹툰 작가
신컨의 원 코인 클리어,"스튜디오 호호이,Akheres"
미드나잇 체이서,siAm
사냥개의 회귀본능휴재,"아크로,스튜디오 W"
장난감,배사과
구원자의 버킷리스트,"초멍,돌라,바다낭자"
제목을 찾을 수 없음,작가 정보를 찾을 수 없음
반듯한 이용으로 당신을 응원합니다!,"펭귄,박웅"
슈퍼리치,신신성
늘봄가든,"백율서,712"
오늘의 낭만부,억수씨
헬프미,철준
부캐인생,"까를로스,징크"
지랄발광,김인호
커넥트,신대성
50대덕툰,"서나래,김대훈,신여름,임상윤,만두인"
뷰티플 게임,"박능출,박준규"
10월 28일,천정학
꿈의카페영다방,석우
MODERN BOYS,기린
테제,"하람,지야"
너에게 나를 던진다,"김대호,낫츠"
마귀,정경훈
ㄹㅇ 관종,9P
너에게 도달하는 방법,미믹
5kg을 위하여,"수오수,홍끼"
특수 영능력 수사반,사다함
2023 요즘연애 특),네이버웹툰 작가
탑코너,"윤성,라군"
꽃보다 식물,네이버웹툰 작가
개인정보 제공에 동의하십니까?,신대성
팔문의 옥휴재,"김양수,예랑"
제목을 찾을 수 없음,작가 정보를 찾을 수 없음
스테어스,옹구
폭풍의 전학생,강냉이
길티액스휴재,정샛별
네 것이었던 것,"아이아리,바밤"
빵점동맹,"마사토끼,joana"
바로 보지 않는,지민
개편 축하 릴레이 카툰,네이버웹툰 작가
제목을 찾을 수 없음,작가 정보를 찾을 수 없음
학교정벌,"나락,지앤"
파란 거짓말,둘째
덴마,양영순
오늘또오늘,희나리
2015 우주특집 단편,네이버웹툰 작가
우주전함 몰라몰라,고리타
열렙전차,김세훈
新토닥토닥뎐,강무선
두꺼비집,허만강
LOST,정민용
왕자님 짠내밥상,쑥
10대훈녀클럽,기량
리얼메이커,리얼메이커
노량진 공격대,"잭한,이리몽"
미워할 거야,만보
내일은 럭키곰스타,김풍
용사님이 일진들을 물리쳐요,"냠냠이,동그림"
인생은 타이밍이다!,네이버웹툰 작가
ㅋㅋ단편.zip,네이버웹툰 작가
법대로 사랑하라,"일리,노승아"
부활남,"채용택,김재한"
내 귀에 너,메모
라이징패스트볼,박현수
옥타곤 리벤지,꽁테
씬커,권혁주
사랑in,전세훈
35cm휴재,홍가
우리 집 고양이 보고 갈래?,삼태
일진만화에서 살아남기,현실안주형
열린 지옥문 닫힘,녹밤
연주동 일가족 살인사건,후던잇
줄리엣의 나라,"EGAUN,carbo(도효원)"
2012 루키 단편선,네이버웹툰 작가
혈투,"신진우,박수영"
세대전쟁,"까를로스,임홍재"
한남동 케이하우스,박태준
진검승부,"김준형,용불"
위대한 유산,"서은수,0510"
악의는 없다,환쟁이
만렙소녀 오오라,김규삼
체육왕,기안84
바른연애 길잡이,남수
무제인간,제다
클로닝,천정학
그녀만의 마네킹,스트
태릉좀비촌,하얀독수리
아이키우는만화,쇼쇼
이 주길럼의 전장,김세훈
존잘주의,령
망겜의 시체줍는 천재전사,"최원준,최진규,코라멜"
국가의 탄생,고리타
용사보다 너무 강해서 힘을 숨김휴재,"승한,예림"
더 퀸즈,"청민,이수현"
하늘아래 우체부,란게
여름은 뜨겁다,"JQ,제나"
버티면 10억,만화인간
어글리 피플즈,배사과
에이전트,준돌
적어주세요!,바구니
아이돌 연구소,"해마,연제원"
GOOD BYE TB,네이버웹툰 작가
제목을 찾을 수 없음,작가 정보를 찾을 수 없음
실버벨,노떼
퀘스트지상주의,"박만사,유누니,태완"
경비실에서 안내방송 드립니다,"수하,벌크업"
전통발효식품 도전기,풀때기
평행우주,현용민
세상과 하늘 사이,우기리
그림자 잡기,최날
소녀더와일즈,"HUN,제나"
두번째 생일,스프링
미신,"미요커,제촘"
심연의 하늘 시즌 1~3,"윤인완,김선희"
미라주,박대혁
해골협객,"성불예정,준1"
아메리카노 엑소더스,박지은
가짜인간,"0환이,반얀"
제목을 찾을 수 없음,작가 정보를 찾을 수 없음
좋아해 아니 싫어해,지지
30일 후,백프로
"꿀잠, 재워주세요!","진하,김윤지"
소년들은 무엇을 하고 있을까,컷부
다함께 잘사는 세계,네이버웹툰 작가
로맨스는 살벌하게,"박시현,라미아"
밀실 마피아 게임,"WONS,백지운,PAN"
2016 학교 다녀오겠습니다,네이버웹툰 작가
뿌리를 찾아서,유승진
미래 남편 누구게?,"랑랑랑랑,금귤"
불괴,"폭주필,폭주작"
나이스 ThinQ Time,김진
만렙돌파,"성불예정,준1,미노"
삼국전투기,최훈
무능빌런,"흰여울,이창준"
당신의 여자가 되고 싶어요,"팀 아가페,별규"
아마도,마파체
다이스(DICE),윤현석
나쁜 마법사의 꿈,이아거
싸이코 리벤지,"기송,넴가"
2회차 최강 고교생,"시라이시 아라타,히로쿠마"
에이틴,"Playlist,LICO"
마녀이야기,원재
고(故)노무현 前대통령 추모웹툰,네이버웹툰 작가
후유증,김선권
쇼미더럭키짱!,"박태준,김성모"
스마트리포트,네이버웹툰 작가
내 최애가 위험해,"요신,우리"
나쁜 피,"산하,이재복"
소희 훔치기휴재,"세라비,2L"
다시 한 번 대한민국,네이버웹툰 작가
제목을 찾을 수 없음,작가 정보를 찾을 수 없음
거래,우남20
8월의 눈보라,김리아
"나를 길들여 봐, 차비서","홍주,글쓰는 귀신"
오아뉴-멱살 한번 잡힙시다,"게르마늄,뉴럭이"
우주를 아홉번 건너,그냥연어
여신강림,야옹이
산의 시간,지님
격기3반휴재,이학
세라는 망돌,햇살
무한도전 릴레이툰,네이버웹툰 작가
드래곤레시피,"ELDO,엽"
갤러리L : 당신의 기억을 보관해드립니다,"조홍,라미아"
혼모노트휴재,민수상
소녀셋 소년셋,"찡나,이신"
먹뀌싸휴재,"김숭늉,박만사,팀 숭늉"
불쌍해야 하는 남자,윤병
별의 아씨,서울소
우리들은 푸르다,문택수
미스터 해녀,빡세
너와 나의 거리,미믹
제목을 찾을 수 없음,작가 정보를 찾을 수 없음
오컬트,"신진우,최봉근"
닭통령 계양반,미티
제목을 찾을 수 없음,작가 정보를 찾을 수 없음
정보전사 202,이작가
스토커의 하루,bunny
2019 귀신사용설명서 - 괴담의 재구성,네이버웹툰 작가
일등당첨,미티
공작저의 붉은 밤휴재,"김지민,타샤토토,유세라"
존망코인,박만사
손의 흔적,유성연
제 3 아파트,오닛
9등급 뒤집기,아백
자율공상축구탐구만화,조석
다욤이의 다이어트 다이어리,"심윤수,아키"
감금 구역 레벨 X,"오오이시 로미,에가시라 다이키"
2012 지구가 멸망한다면?,네이버웹툰 작가
여성전용헬스장 진달래짐,유기
온 퍼레이드,김숭늉
슈퍼트리오,황미나
ENT.,"박미숙,강은영"
로그북,문나영
검협전기,주호민
식스센스,네이버웹툰 작가
물귀신,디귿
간질간질,손하은
구석구석캠페인,네이버웹툰 작가
2013 전설의고향,네이버웹툰 작가
보톡스,황미나
삼체,"류츠신,환창미래"
우리 안의 주,폭스바니
스트러글휴재,"윤준식,백지운"
돈내놔,"은류,도늑"
타투,노지현
30일간의 악마,조한
한량은 빡세,빡세
꼬드보,뚜부
이번 생은 케이팝 리벤지,"온달,정석현"
절대복종휴재,혼
평범한 전학생들,"영파카,정하"
치렐루야,소장
창위의일루젼,시우
레이디악숀,"령,박혬"
사랑은 비를 타고,예리
이모네 집에 갔는데 이모는 없고,"신해영,정우"
취업의소리,"조석,워니"
걔의 질투,"할,Z6"
사생돌,"령,유나나"
퍼니게임,배진수
리트라이,텐
데이 오어 나이트,"후렛샤,백만보"
플루타크 영웅전,양영순
2016 비명,네이버웹툰 작가
와라! 원아이디,지강민
발컨 길들이기,긴버
열가지 묻지馬 이야기,네이버웹툰 작가
가난을 등에 업은 소녀,"B급달궁,오은지"
랜덤채팅의 그녀!,박은혁
절세미인프로젝트,연자씨
인싸라이프,힐링달
파이게임,배진수
사이코패스 히어로,"주삼술,매실"
이혼 후 코인 대박,"지누리,네펜데스,어둠의Dark"
지금 우리 연구소는,주동근
무간도시,강냉이
호곡,김대훈
복학왕,기안84
2022 스크롤금지,네이버웹툰 작가
재난소년,코말랑
킬링대디,또이
대디고라운드,희나리
용두캅,"투투,이석준"
출동! 히어로 전사,하일권
별을 쫓는 소년들,HYBE
삼매경,"이원식,꿀찬"
고교흥신소,김성모
DC 플래시: 세상에서 제일 빠른 남자,"제프 존스,케니 포터,리카도 로페즈 오리츠"
홀더,"쑥채,몽우"
화양연화 Pt.0 ＜SAVE ME＞,"HYBE,LICO"
얌전한 사이,"JQ,이진영"
판타스틱 어른백서,이동욱
사장님은 투타임,"Fortune King,이삼"
용돈이 계속 늘어!,"쾌벌,신혜"
소녀히어로,"토리,소구미"
태환이의 GOLD STORY,네이버웹툰 작가
와탕카2,우주인
아하! 이게 바로 외교!,네이버웹툰 작가
강남의 기사,"B급달궁,김재환"
이말년씨리즈,이말년
아이러브올림픽게임즈,네이버웹툰 작가
"숨, 죽이다",환쟁이
데빌카운터,"해밀k,김학영"
백투스쿨,네이버웹툰 작가
불쾌한 골짜기,"사락,7R2BNSIG"
배틀트레인,"양봉 주식회사,홍아랑"
천방지축 매직히어로,네이버웹툰 작가
탈영일지,아포리아
102030,"H,JMS"
리얼월드 ; 밸런스붕괴자휴재,"콩이,엘코"
동녘과 백야휴재,"한시의,눈사람,Hirachell"
따개비,"뜰새,delete,레고밟았어"
이말년 서유기,이말년
혀로 만난 사이,집손이
까뱅,X-TEAM
두근두근 연극부,김태경
마황은 용사를 바란다,"센세,온솔이,빌런돈까스"
상위1%,"미티,웅비"
평화선도부,"최경민,최용성"
뚝배기 깨러 왔습니다,임성훈
피터팬날다,서랍천사
파이어스,"강두식,장부규(BKORI)"
이말년씨리즈 2018,이말년
방구석 히어로,"시호,은휘"
떨림,원수연
여고전설,"어스문,이제스"
웃지 않는 개그반 시즌3,현용민
형의 그녀,"박재성,박성재"
"초오오~액션, 개그반",현용민
100억의 주인,"맛기니,텅빈"
후드,"후렛샤,595"
로봇빠찌,김상욱
폭풍의 전학생 - 리부트,강냉이
살아간다,이행복
금요일에 만나요,게살버거
잘못된 연애,파키타리
제목을 찾을 수 없음,작가 정보를 찾을 수 없음
드림풋볼,네이버웹툰 작가
모디파이휴재,"임달영,이수현"
희망상조,김준태
아마데우스(Amadeus),"12,6"
체인지,진원
나만 보여!,LICO
알파,부겸
나이트 언더 하트,"고삐풀린,한성우,라스네"
7FATES: CHAKHO,HYBE
나 홀로 섬에,"신갓김치,짱9"
친애하는 연서휴재,김방학
2011 미스테리 단편,네이버웹툰 작가
wow VS Olleh,네이버웹툰 작가
Hi! High!,"주이,박수연"
선빵필승!,해미
원룸,휘랭
보고 있지?,송범규
더 게이머,"성상영,상아"
네트를 넘어 V,박현수
웰컴 온보드,다니
클로즈업,"현재권,우박"
우리반 아이돌,박태준
천재의 게임방송,"다넛,지금,하이엔드"
패션왕,기안84
비스트사인,"해밀k,Sodapie"
비타운,"요신,김선우"
데이즈,양수
시크릿 코드,"꾸렛,아이"
러브 똘츄얼리,김진경
리프로듀싱,"고지애,이노"
빨리오지 천리마마트,김규삼
버그: 스티그마,"해마,송지형"
방송은 방송으로 봐,박은혁
MLB카툰,최훈
동네변호사 조들호 시즌2,해츨링
종이비행기를 날리면,모하
샹치,"진 루엔 양,다이크 루언"
번데기스,김경호
컨트롤,해츨링
"안녕, 대학생",다니
전남편과 동거중입니다,에니카
봉수의 다이어리,강모림
대신 살쪄주는 여자,롸나
비밀의 팜로드,김계란
킥,강냉이
피그먼트,류자
데드맨,쑥
성경의 역사,"최경민,영모"
불청객,정로맨
구원자,"이한빈,산산"
틴맘,theterm
잿빛오름,유형석
맛집남녀,츄플엣지
갓!김치,김민우
슈퍼트리오 시즌2,황미나
인간대전,김성모
블루투스,국승원
그랜드 배틀 토너먼트,강냉이
바이러스X,"준,하랑"
이상한 변호사 우영우,"원프로젝트,화음조,이예지"
만 화 고,김8
메이크 업 드림 - Make Up Dream,네이버웹툰 작가
제목을 찾을 수 없음,작가 정보를 찾을 수 없음
힘내요 일본!-[릴레이웹툰],네이버웹툰 작가
답은 정해져 있다,김민혁
테러사이트,HD3
낢다른 광화문광장 이야기,서나래
언플래시레슨,현
함께 꿈꾸는 세상,유성연
만화사랑 캠페인,네이버웹툰 작가
징검다리,네이버웹툰 작가
열일곱,플레이리스트
엘리오스 전기,"김언정,정수영"
제목을 찾을 수 없음,작가 정보를 찾을 수 없음
엽사:요괴사냥꾼,삼박
희망강림,야옹이
탑톤스쿨,"키맨,주은"
R-X,"굦,한가"
멸망급 빌런들의 선생님,"이지,떡구이,SANA"
반지의제왕,이문희
이웃집의 훈훈한 스토커군,teamGOGI+
유비님께 투자하겠어,"B급달궁,이유정"
보다 나은 식당,김양수
돼지만화,돼지작가
공감.jpg,임총
달의 요람,이정선
그녀의 육하원칙,일삼구
돌아온 럭키짱,김성모
REBORN,연제원
[사전이벤트] 슈퍼캐스팅: BTS,네이버웹툰 작가
